{

    "origin": {
        "x": -0.03170139923324595,
        "y": -0.03669700352664684,
        "z": 0.0009494761134837803
    }
    
}