{
    "origin": {
        "x": 0,
        "y": 0,
        "z": 0
    },
    "midpoint": {
        "x": 1.2431628977373061,
        "y": -1.260699236464254,
        "z": 0.5171390436001887
    },
    "endpoint": {
        "x": -0.2286121562315549,
        "y": -3.3600005539657776,
        "z": 0
    },
    "point_1": {
        "x": 1.0378862432070564,
        "y": 0.009525361755074659,
        "z": 0.7468475160064544
    },
    "point_2": {
        "x": 1.4006472166115684,
        "y": -3.4237356352314494,
        "z": 0.9981151664180569
    }
}