{
    "test_position": {
        "x": 0.6252885530696515,
        "y": -0.04148827048212328,
        "z": -0.1379392809782344
    },
    "origin": {
        "x": -0.03170139923324595,
        "y": -0.03669700352664684,
        "z": 0.0009494761134837803
    },
    "point_1": {
        "x": -0.19000079949873694,
        "y": -4.6304817612133355,
        "z": 0.0
    },
    "us": {
        "x": 0.907,
        "y": -0.337,
        "z": 0.654
    }
}